{
  "F01": 278.1059901468571,
  "F02": 304.30187797828864,
  "F03": 282.45469381290127,
  "F04": 273.05469988366883,
  "F05": 286.8769679463866,
  "F06": 285.20239225266016,
  "F07": 296.6847350586008,
  "F08": 283.0367984721127,
  "F09": 281.5490836467395,
  "F10": 280.66562477811146
}